Name|NationalPokedexNumber|Type1|Type2|CanFly|Height|Weight|Description|EvolveLevel|EvolveInto|EvolveStone|MalePercent|CatchRate|Rarity|MinGroupSize|MaxGroupSize|CreatureType|Moves|CanLearn|Aggression|BaseExp|ExperienceGroup|BaseHP|BaseAttack|BaseDefence|BaseSpAttack|BaseSpDefence|BaseSpeed|EvGainHP|EvGainAtk|EvGainDef|EvGainSpAtk|EvGainSpDef|EvGainSpeed|SpawnBiomes
Bulbasaur|1|Grass|Poison|0|0.7|6.9|For some time after its birth, it grows by gaining nourishment from the seed on its back.|16|Ivysaur||88|45|25|1|1|land|0:Tackle;3:Growl;7:Leech Seed;9:(s)Vine Whip;13:Poison Powder;13:Sleep Powder;14:Take Down;19:(s)Razor Leaf;21:Sweet Scent;25:Growth;27:Double-Edge;31:Worry Seed;33:Synthesis;37:(s)Seed Bomb|Toxic;(s)Venoshock;Hidden Power;Sunny Day;Light Screen;Protect;Safeguard;Frustration;(s)SolarBeam;Return;Double Team;(s)Sludge Bomb;Facade;Rest;Attract;Round;Echoed Voice;(s)Energy Ball;Flash;Swords Dance;(s)Grass Knot;Swagger;Substitute;Rock Smash;Cut;Strength|20|64|MediumSlow|45|49|49|65|65|45|0|0|0|1|0|0|forest;forestHills;jungle;jungleHills;taiga;taigaHills
Ivysaur|2|Grass|Poison|0|1.0|13.0|When the bud on its back starts swelling, a sweet aroma wafts to indicate the flower's coming bloom.|32|Venusaur||88|45|-1|1|1|land|0:Tackle;0:Growl;0:Leech Seed;3:Growl;7:Leech Seed;9:(s)Vine Whip;13:Poison Powder;13:Sleep Powder;15:Take Down;20:(s)Razor Leaf;23:Sweet Scent;28:Growth;31:Double-Edge;36:Worry Seed;39:Synthesis;44:(s)SolarBeam|Toxic;(s)Venoshock;Hidden Power;Sunny Day;Light Screen;Protect;Safeguard;Frustration;(s)SolarBeam;Return;Double Team;(s)Sludge Bomb;Facade;Rest;Attract;Round;Echoed Voice;(s)Energy Ball;Flash;Swords Dance;(s)Grass Knot;Swagger;Substitute;Rock Smash;Cut;Strength||142|MediumSlow|60|62|63|80|80|60|0|0|0|1|1|0|
Venusaur|3|Grass|Poison|0|2.0|100.0|After a rainy day, the flower on its back smells stronger. The scent attracts other Pokémon.|-1|||88|45|-1|1|1|land|0:Tackle;0:Growl;0:Leech Seed;0:(s)Vine Whip;3:Growl;7:Leech Seed;9:(s)Vine Whip;13:Poison Powder;13:Sleep Powder;15:Take Down;20:(s)Razor Leaf;23:Sweet Scent;28:Growth;31:Double-Edge;32:Petal Dance;39:Worry Seed;45:Synthesis;53:(s)SolarBeam;81:(s)Frenzy Plant|Roar;Toxic;(s)Venoshock;Hidden Power;Sunny Day;Hyper Beam;Light Screen;Protect;Safeguard;Frustration;(s)SolarBeam;Earthquake;Return;Double Team;(s)Sludge Bomb;Facade;Rest;Attract;Round;Echoed Voice;(s)Energy Ball;Giga Impact;Flash;Swords Dance;Bulldoze;(s)Grass Knot;Swagger;Substitute;Rock Smash;Cut;Strength||236|MediumSlow|80|82|83|100|100|80|0|0|0|2|1|0|
Charmander|4|Fire||0|0.6|8.5|The fire on the tip of its tail is a measure of its life. If healthy, its tail burns intensely.|16|Charmeleon||88|45|25|1|1|land|0:Scratch;0:Growl;7:(s)Ember;10:SmokeScreen;16:Dragon Rage;19:Scary Face;25:(s)Fire Fang;28:(s)Flame Burst;34:Slash;37:(s)Flamethrower;43:(s)Fire Spin;46:(s)Inferno|Hone Claws;Dragon Claw;Toxic;Hidden Power;Sunny Day;Protect;Frustration;Return;Dig;Brick Break;Double Team;(s)Flamethrower;(s)Fire Blast;Rock Tomb;Aerial Ace;Facade;(s)Flame Charge;Rest;Attract;Round;Echoed Voice;(s)Overheat;Fling;(s)Incinerate;Will-O-Wisp;Shadow Claw;Swords Dance;Rock Slide;Swagger;Substitute;Rock Smash;Cut;Strength||62|MediumSlow|39|52|43|60|50|65|0|0|0|0|0|1|desert;desertHills;extremeHills;extremeHillsEdge;
Charmeleon|5|Fire||0|1.1|19.0|In the rocky mountains where Charmeleon live, their fiery tails shine at night like stars.|36|Charizard||88|45|-1|1|1|land|0:Scratch;0:Growl;0:(s)Ember;7:(s)Ember;10:SmokeScreen;17:Dragon Rage;21:Scary Face;28:(s)Fire Fang;32:(s)Flame Burst;39:Slash;43:(s)Flamethrower;50:(s)Fire Spin;54:(s)Inferno|Hone Claws;Dragon Claw;Toxic;Hidden Power;Sunny Day;Protect;Frustration;Return;Dig;Brick Break;Double Team;(s)Flamethrower;(s)Fire Blast;Rock Tomb;Aerial Ace;Facade;(s)Flame Charge;Rest;Attract;Round;Echoed Voice;(s)Overheat;Fling;(s)Incinerate;Will-O-Wisp;Shadow Claw;Swords Dance;Rock Slide;Swagger;Substitute;Rock Smash;Cut;Strength||142|MediumSlow|58|64|58|80|65|80|0|0|0|1|0|1|
Charizard|6|Fire|Flying|1|1.7|90.5|It is said that Charizard's fire burns hotter if it has experienced harsh battles.|-1|||88|45|-1|1|1|land|0:Dragon Claw;0:Shadow Claw;0:(s)Air Slash;0:Scratch;0:Growl;0:(s)Ember;0:SmokeScreen;7:(s)Ember;10:SmokeScreen;17:Dragon Rage;21:Scary Face;28:(s)Fire Fang;32:(s)Flame Burst;36:(s)Wing Attack;41:Slash;47:(s)Flamethrower;56:(s)Fire Spin;62:(s)Inferno;71:(s)Heat Wave;77:(s)Flare Blitz;81:(s)Blast Burn|Hone Claws;Dragon Claw;Roar;Toxic;Hidden Power;Sunny Day;Hyper Beam;Protect;Frustration;Solar Beam;Earthquake;Return;Dig;Brick Break;Double Team;Flamethrower;Fire Blast;Rock Tomb;Aerial Ace;Facade;Flame Charge;Rest;Attract;Round;Echoed Voice;(s)Overheat;Focus Blast;Fling;(s)Sky Drop;(s)Incinerate;Will-O-Wisp;Shadow Claw;Giga Impact;Swords Dance;Bulldoze;Rock Slide;Dragon Tail;Swagger;Substitute;Rock Smash;Cut;(s)Fly;Strength||240|MediumSlow|78|84|78|109|85|100|0|0|0|3|0|0|
Squirtle|7|Water||0|0.5|9.0|It shelters itself in its shell, then strikes back with spouts of water at every opportunity.|16|Wartortle||88|45|25|1|1|land|0:Tackle;4:Tail Whip;7:(s)Bubble;10:Withdraw;13:(s)Water Gun;16:Bite;19:Rapid Spin;22:Protect;25:(s)Water Pulse;28:(s)Aqua Tail;31:Skull Bash;34:Iron Defense;37:Rain Dance;40:(s)Hydro Pump|Toxic;Hail;Hidden Power;Ice Beam;Blizzard;Protect;Rain Dance;Frustration;Return;Dig;Brick Break;Double Team;Rock Tomb;Facade;Rest;Attract;Round;(s)Scald;Fling;Gyro Ball;Swagger;Substitute;Rock Smash;(s)Surf;Strength;(s)Waterfall;(s)Dive||63|MediumSlow|44|48|65|50|64|43|0|0|1|0|0|0|swampland;river;beach;frozenRiver
Wartortle|8|Water||0|1.0|22.5|It is said to live 10,000 years. Its furry tail is popular as a symbol of longevity.|36|Blastoise||88|45|-1|1|1|land|0:Tackle;0:Tail Whip;0:(s)Bubble;4:Tail Whip;7:(s)Bubble;10:Withdraw;13:(s)Water Gun;16:Bite;20:Rapid Spin;24:Protect;28:(s)Water Pulse;32:(s)Aqua Tail;36:Skull Bash;40:Iron Defense;44:Rain Dance;48:(s)Hydro Pump|Toxic;Hail;Hidden Power;Ice Beam;Blizzard;Protect;Rain Dance;Frustration;Return;Dig;Brick Break;Double Team;Rock Tomb;Facade;Rest;Attract;Round;(s)Scald;Fling;Gyro Ball;Swagger;Substitute;Rock Smash;(s)Surf;Strength;(s)Waterfall;(s)Dive||142|MediumSlow|59|63|80|65|80|58|0|0|1|0|1|0|
Blastoise|9|Water||0|1.6|85.5|The jets of water it spouts from the rocket cannons on its shell can punch through thick steel.|-1|||88|45|-1|1|1|land|0:Flash Cannon;0:Tackle;0:Tail Whip;0:(s)Bubble;0:Withdraw;4:Tail Whip;7:(s)Bubble;10:Withdraw;13:(s)Water Gun;16:Bite;20:Rapid Spin;24:Protect;28:(s)Water Pulse;32:Aqua Tail;39:Skull Bash;46:Iron Defense;53:Rain Dance;60:(s)Hydro Pump;81:(s)Hydro Cannon|Roar;Toxic;Hail;Hidden Power;Ice Beam;Blizzard;Hyper Beam;Protect;Rain Dance;Frustration;Smack Down;Earthquake;Return;Dig,Brick Break;Double Team;Rock Tomb;Facade;Rest;Attract;Round;Focus Blast;(s)Scald;Fling;Giga Impact;Gyro Ball;Bulldoze;Rock Slide;Dragon Tail;Swagger;Substitute;Flash Cannon;Rock Smash;(s)Surf;Strength;(s)Waterfall;(s)Dive||239|MediumSlow|79|83|100|85|105|78|0|0|0|0|3|0|
Caterpie|10|Bug||0|0.3|2.9|It releases a stench from its red antenna to repel enemies. It grows by molting repeatedly.|7|Metapod||50|255|200|2|5|land|0:Tackle;0:String Shot;15:(s)Bug Bite|||39|MediumFast|45|30|35|20|20|45|1|0|0|0|0|0|forest;forestHills;taiga;taigaHills;
Metapod|11|Bug||0|0.7|9.9|A steel-hard shell protects its tender body. It quietly endures hardships while awaiting evolution.|10|Butterfree||50|120|50|1|1|land|-1:(s)Bug Bite;0:Harden;7:Harden|||72|MediumFast|50|20|55|25|25|30|0|0|2|0|0|0|
Butterfree|12|Bug|Flying|1|1.1|32.0|It loves the honey of flowers and can locate flower patches that have even tiny amounts of pollen.|-1|||50|45|-1|1|1|land|-1:(s)Bug Bite;0:(s)Confusion;10:(s)Confusion;12:PoisonPowder;12:Stun Spower;12:Sleep Powder;16:(s)Gust;18:Supersonic;22:Whirlwind;24:(s)Psybeam;28:(s)Silver Wind;30:Tailwind;34:Rage Powder;36:Safeguard;40:Captivate;42:(s)Bug Buzz;46:Quiver Dance|Toxic;Venoshock;Hidden Power;Sunny Day;Hyper Beam;Protect;Rain Dance;Safeguard;Frustration;SolarBeam;Return;(s)Psychic;Shadow Ball;Double Team;(s)Aerial Ace;Facade;Rest;Attract;Thief;Round;Energy Ball;(s)Acrobatics;Giga Impact;Flash;(s)Struggle Bug;Psych Up;(s)Dream Eater;Swagger;(s)U-Turn;Substitute||173|MediumFast|60|45|50|80|80|70|0|0|0|2|1|0|
Weedle|13|Bug|Poison|0|0.3|3.2|It eats its weight in leaves every day. It fends off attackers with the needle on its head.|7|Kakuna||50|255|200|2|5|land|0:(s)Poison Sting;0:String Shot;15:(s)Bug Bite|||39|MediumFast|40|35|30|20|20|50|0|0|0|0|0|1|forest;forestHills;taiga;taigaHills;
Kakuna|14|Bug|Poison|0|0.6|10.0|While awaiting evolution, it hides from predators under leaves and in nooks of branches.|10|Beedrill||50|120|50|1|1|land|-1:(s)Poison Sting;-1:(s)Bug Bite;0:Harden;7:Harden|||72|MediumFast|45|25|55|25|25|35|0|0|2|0|0|0|
Beedrill|15|Bug|Poison|1|1.0|29.5|Its best attack involves flying around at high speed, striking with poison needles, then flying off.|-1|||50|45|-1|1|2|land|-1:(s)Poison Sting;-1:(s)Bug Bite;0:Fury Attack;10:Fury Attack;13:Focus Energy;16:(s)Twineedle;19:Rage;22:Pursuit;25:Toxic Spikes;28:(s)Pin Missile;31:Agility;34:Assurance;37:(s)Poison Jab;40:Endeavor|Toxic;(s)Venoshock;Hidden Power;Sunny Day;Hyper Beam;Protect;Frustration;SolarBeam;Return;Brick Break;Double Team;(s)Sludge Bomb;Aerial Ace;Facade;Rest;Attract;Thief;Round;False Swipe;Acrobatics;Payback;Giga Impact;Flash;Swords Dance;(s)Struggle Bug;(s)X-Scissor;(s)Poison Jab;Swagger;(s)U-Turn;Substitute;Rock Smash;Cut||173|MediumFast|65|80|40|45|80|75|0|2|0|0|1|0|
Pidgey|16|Normal|Flying|1|0.3|1.8|It is docile and prefers to avoid conflict. If disturbed, however, it can ferociously strike back.|16|Pidgeotto||50|255|200|1|1|land|0:(s)Tackle;5:Sand-Attack;9:(s)Gust;13:(s)Quick Attack;17:Whirlwind;21:Twister;25:FeatherDance;29:Agility;33:(s)Wing Attack;37:Roost;41:Tailwind;45:Mirror Move;49:(s)Air Slash;53:(s)Hurricane|Toxic;Hidden Power;Sunny Day;Protect;Rain Dance;(s)Frustration;(s)Return;Double Team;(s)Aerial Ace;(s)Facade;Rest;Attract;Thief;(s)Round;Work Up;Swagger;(s)Pluck;U-Turn;Substitute||50|MediumSlow|40|45|40|35|35|56|0|0|0|0|0|1|forest;forestHills;plains;extremeHills;extremeHillsEdge;iceMountains;taiga;taigaHills;icePlains;
Pidgeotto|17|Normal|Flying|1|1.1|30.0|It flies over its wide territory in search of prey, downing it with its highly developed claws.|36|Pidgeot||50|120|75|1|1|land|0:(s)Tackle;0:Sand-Attack;0:(s)Gust;5:Sand-Attack;9:(s)Gust;13:(s)Quick Attack;17:Whirlwind;22:Twister;27:FeatherDance;32:Agility;37:(s)Wing Attack;42:Roost;47:Tailwind;52:Mirror Move;57:(s)Air Slash;62:(s)Hurricane|Toxic;Hidden Power;Sunny Day;Protect;Rain Dance;(s)Frustration;(s)Return;Double Team;(s)Aerial Ace;(s)Facade;Rest;Attract;Thief;(s)Round;Work Up;Swagger;(s)Pluck;U-Turn;Substitute||113|MediumSlow|63|60|55|50|50|71|0|0|0|0|0|2|forest;forestHills;plains;extremeHills;extremeHillsEdge;iceMountains;taiga;taigaHills;icePlains;
Pidgeot|18|Normal|Flying|1|1.5|39.5|By flapping its wings with all its might, Pidgeot can make a gust of wind capable of bending tall trees.|-1|||50|45|15|1|1|land|0:(s)Tackle;0:Sand-Attack;0:(s)Gust;0:(s)Quick Attack;5:Sand-Attack;9:(s)Gust;13:(s)Quick Attack;17:Whirlwind;22:Twister;27:FeatherDance;32:Agility;38:(s)Wing Attack;44:Roost;50:Tailwind;56:Mirror Move;62:(s)Air Slash;66:(s)Hurricane|Toxic;Hidden Power;Sunny Day;(s)Hyper Beam;Protect;Rain Dance;(s)Frustration;(s)Return;Double Team;(s)Aerial Ace;Facade;Rest;Attract;Thief;(s)Round;Work Up;Swagger;(s)Pluck;U-Turn;Substitute;(s)Fly||172|MediumSlow|83|80|75|70|70|91|0|0|0|0|0|3|forest;forestHills;plains;extremeHills;extremeHillsEdge;iceMountains;taiga;taigaHills;icePlains;
Rattata|19|Normal||0|0.3|3.5|Cautious in the extreme, its hardy vitality lets it live in any kind of environment.|20|Raticate||50|255|200|2|3|land|0:(s)Tackle;0:Tail Whip;4:(s)Quick Attack;7:Focus Energy;10:Bite;13:Pursuit;16:(s)Hyper Fang;10:Sucker Punch;22:Crunch;25:Assurance;28:Super Fange;31:(s)Double-Edge;34:(s)Endeavor|Toxic;Hidden Power;Sunny Day;Taunt;Ice Beam;Blizzard;Protect;Rain Dance;(s)Frustration;Thunderbolt;Thunder;(s)Return;Dig;Shadow Ball;Double Team;(s)Facade;Rest;Attract;Thief;(s)Round;Charge Beam;(s)Retaliate;Thunder Wave;Work Up;Grass Knot;Swagger;Pluck;U-Turn;Substitute;Wild Charge;Rock Smash;(s)Cut||57|MediumFast|30|56|35|25|35|72|0|0|0|0|0|1|forest;forestHills;plains;taiga;taigaHills;
Raticate|20|Normal||0|0.7|18.5|It whittles its constantly growing fangs by gnawing on hard things. It can chew apart cinder walls.|-1|||50|127|125|1|1|land|0:Swords Dance;0:Tackle;0:Tail Whip;0:(s)Quick Attack;0:Focus Energy;4:(s)Quick Attack;7:Focus Energy;10:Bite;13:Pursuit;16:(s)Hyper Fang;19:Sucker Punch;20:Scary Face;24:Crunch;29:Assurance;34:Super Fang;39:(s)Double-Edge;44:(s)Endeavor|Roar;Toxic;Hidden Power;Sunny Day;Taunt;Ice Beam;Blizzard;(s)Hyper Beam;Protect;Rain Dance;(s)Frustration;Thunderbolt;Thunder;(s)Return;Dig;Shadow Ball;Double Team;(s)Facade;Rest;Attract;Thief;(s)Round;Charge Beam;(s)Retaliate;(s)Giga Impact;Thunder Wave;Swords Dance;Work up;Grass Knot;Swagger;Pluck;U-Turn;Substitute;Wild Charge;Rock Smash;(s)Strength||116|MediumFast|55|81|60|50|70|97|0|0|0|0|0|2|
Spearow|21|Normal|Flying|1|0.3|2.0|It flaps its small wings busily to fly. Using its beak, it searches in grass for prey.|20|Fearow||50|255|200|1|1|land|0:(s)Peck;0:Growl;5:Leer;9:(s)Fury Attack;13:Pursuit;17:(s)Aerial Ace;21:Mirror Move;25:Agility;29:Assurance;33:Roost;37:(s)Drill Peck|Toxic;Hidden Power;Sunny Day;Protect;Rain Dance;(s)Frustration;(s)Return;Double Team;(s)Aerial Ace;(s)Facade;Rest;Attract;Thief;(s)Round;(s)Echoed Voice;(s)False Swipe;Work Up;Swagger;(s)Pluck;U-Turn;Substitute||58|MediumFast|40|60|30|31|31|70|0|0|0|0|0|1|forest;forestHills;plains;taiga;taigaHills;river;extremeHills;extremeHillsEdge;iceMountains;icePlains;
Fearow|22|Normal|Flying|1|1.2|38.0|It has the stamina to fly all day on its broad wings. It fights by using its sharp beak.|-1|||50|90|75|1|1|land|0:(s)Pluck;0:(s)Peck;0:Growl;0:Leer;0:(s)Fury Attack;5:Leer;9:(s)Fury Attack;13:Pursuit;17:(s)Aerial Ace;23:Mirror Move;29:Agility;35:Assurance;41:Roost;47:(s)Drill Peck;53:Drill Run|Toxic;Hidden Power;Sunny Day;(s)Hyper Beam;Protect;Rain Dance;(s)Frustration;(s)Return;Double Team;(s)Aerial Ace;(s)Facade;Rest;Attract;Thief;(s)Round;(s)Echoed Voice;(s)False Swipe;(s)Giga Impact;Work Up;Swagger;(s)Pluck;U-Turn;Substitute;(s)Fly||162|MediumFast|65|90|65|61|61|100|0|0|0|0|0|2|
Ekans|23|Poison||0|2.0|6.9|It sneaks through grass without making a sound and strikes unsuspecting prey from behind.|22|Arbok||50|255|200|1|1|land|0:Wrap;0:Leer;4:(s)Poison Sting;9:Bite;12:Glare;17:Screech;20:(s)Acid;25:Stockpile;25:Swallow;25:Spit Up;29:(s)Acid Spray;33:Mud Bomb;36:Gastro Acid;41:Haze;44:Coil;49:(s)Gunk Shot|Toxic;(s)Venoshock;Hidden Power;Sunny Day;Protect;Rain Dance;Frustration;Earthquake;Return;Dig;Double Team;(s)Sludge Wave;(s)Sludge Bomb;Rock Tomb;Torment;Facade;Rest;Attract;Thief;Round;Payback;Bulldoze;Rock Slide;(s)Poison Jab;Swagger;Substitute;Strength||62|MediumFast|35|60|44|40|54|55|0|1|0|0|0|0|plains;swampland;jungle;jungleHills;
Arbok|24|Poison||0|3.5|65.0|The pattern on its belly is for intimidation. It constricts foes when they are frozen in fear.|-1|||50|90|100|1|1|land|0:Ice Fang;0:Thunder Fang;0:Fire Fang;0:Wrap;0:Leer;0:(s)Poison Sting;0:Bite;4:(s)Poison Sting;9:Bite;12:Glare;17:Screech;20:(s)Acid;22:Crunch;27:Stockpile;27:Swallow;27:Spit Up;32:(s)Acid Spray;39:Mud Bomb;44:Gastro Acid;51:Haze;56:Coil;63:(s)Gunk Shot|Toxic;(s)Venoshock;Hidden Power;Sunny Day;Hyper Beam;Protect;Rain Dance;Frustration;Earthquake;Return;Dig;Double Team;(s)Sludge Wave;(s)Sludge Bomb;Rock Tomb;Torment;Facade;Rest;Attract;Thief;Round;Payback;Bulldoze;Giga Impact;Rock Slide;Dragon Tail;(s)Poison Jab;Swagger;Substitute;Strength||147|MediumFast|60|85|69|65|79|80|0|2|0|0|0|0|plains;swampland;jungle;jungleHills;
Pikachu|25|Electric||0|0.4|6.0|It occasionally uses an electric shock to recharge a fellow Pikachu that is in a weakened state.|-1||Thunderstone:Raichu|50|190|40|1|1|land|0:Growl;0:(s)Thundershock;5:Tail Whip;10:Thunder Wave;13:Quick Attack;18:(s)Electro Ball;21:Double Team;26:Slam;29:(s)Thunderbolt;34:Feint;39:Agility;42:Discharge;45:Light Screen;50:(s)Thunder;65:(s)Volt Tackle|Toxic;Hidden Power;Light Screen;Protect;Rain Dance;Frustration;(s)Thunderbolt;(s)Thunder;Return;Dig;Brick Break;Double Team;Facade;Rest;Attract;Round;Echoed Voice;Fling;(s)Charge Beam;Flash;(s)Volt Switch;Thunder Wave;Grass Knot;Swagger;Substitute;(s)Wild Charge;Rock Smash;Strength||82|MediumFast|35|55|30|50|40|90|0|0|0|0|0|2|plains;extremeHills;extremeHillsEdge;taiga;taigaHills;river;
Raichu|26|Electric||0|0.8|30.0|Its tail discharges electricity into the ground, protecting it from getting shocked.|-1|||50|75|-1|1|1|land|-1:(s)Electro Ball;-1:(s)Thunder;-1:(s)Volt Tackle;0:(s)ThunderShock;0:Tail Whip;0:Quick Attack;0:(s)ThunderBolt|Toxic;Hidden Power;Hyper Beam;Light Screen;Protect;Rain Dance;Frustration;(s)Thunderbolt;(s)Thunder;Return;Dig;Brick Break;Double Team;Facade;Rest;Attract;Round;Echoed Voice;Focus Blast;Fling;(s)Charge Beam;Giga Impact;Flash;(s)Volt Switch;Thunder Wave;Grass Knot;Swagger;Substitute;(s)Wild Charge;Rock Smash;Strength||122|MediumFast|60|90|55|90|80|100|0|0|0|0|0|3|
Sandshrew|27|Ground||0|0.6|12.0|To protect itself from attackers, it curls up into a ball. It lives in arid regions with minimal rainfall.|22|Sandslash||50|255|190|1|1|land|0:Scratch;3:Defense Curl;7:Sand-Attack;9:Poison Sting;13:Rapid Spin;15:Swift;19:Fury Swipes;21:Rollout;25:Fury Cutter;27:(s)Sand Tomb;31:Slash;33:Gyro Ball;37:Sandstorm|Hone Claws;Toxic;Hidden Power;Sunny Day;Protect;Safeguard;Frustration;(s)Earthquake;Return;(s)Dig;Brick Break;Double Team;Sandstorm;Rock Tomb;Aerial Ace;Facade;Rest;Attract;Thief;Round;Fling;Shadow Claw;Gyro Ball;Swords Dance;(s)Bulldoze;Rock Slide;X-Scissor;Poison Jab;Swagger;Substitute;Rock Smash;Cut;Strength||93|MediumFast|50|75|85|20|30|40|0|0|1|0|0|0|desert;desertHills;
Sandslash|28|Ground||0|1.0|29.5|It curls up, then rolls into foes with its back. Its sharp spines inflict severe damage.|-1|||50|90|100|1|1|land|0:Scratch;0:Defense Curl;0:Sand-Attack;3:Defense Curl;7:Sand-Attack;9:Poison Sting;13:Rapid Spin;15:Swift;19:Fury Swipes;21:Rollout;22:Crush Claw;28:Fury Cutter;33:(s)Sand Tomb;40:Slash;45:Gyro Ball;52:Sandstorm|Hone Claws;Toxic;Hidden Power;Sunny Day;Hyper Beam;Protect;Safeguard;Frustration;(s)Earthquake;Return;(s)Dig;Brick Break;Double Team;Sandstorm;Rock Tomb;Aerial Ace;Facade;Rest;Attract;Thief;Round;Focus Blast;Fling;Shadow Claw;Giga Impact;Stone Edge;Gyro Ball;Swords Dance;(s)Bulldoze;Rock Slide;X-Scissor;Poison Jab;Swagger;Substitute;Rock Smash;Cut;Strength||163|MediumFast|75|100|110|45|55|65|0|0|2|0|0|0|
NidoranF|29|Poison||0|0.4|7.0|While it does not prefer to fight, even one drop of the poison it secretes from its barbs can be fatal.|16|Nidorina||0|235|200|1|1|land|0:Growl;0:Scratch;7:Tail Whip;9:Double Kick;13:(s)Poison Sting;19:Fury Swipes;21:Bite;25:Helping Hand;32:Toxic Spikes;33:Flatter;37:Crunch;43:Captivate;45:(s)Poison Fang|Hone Claws;Toxic;(s)Venoshock;Hidden Power;Sunny Day;Ice Beam;Blizzard;Protect;Rain Dance;Frustration;Thunderbolt;Thunder;Return;Dig;Double Team;(s)Sludge Bomb;Aerial Ace;Facade;Rest;Attract;Thief;Round;Shadow Claw;(s)Poison Jab;Swagger;Substitute;Rock Smash;Cut;Strength||59|MediumSlow|55|47|52|40|40|41|1|0|0|0|0|0|plains;forest;forestHills;extremeHills;
Nidorina|30|Poison||0|0.8|20.0|When it senses danger, it raises all the barbs on its body. These barbs grow slower than Nidorino's.|-1|Nidoqueen||0|120|125|1|1|land|0:Growl;0:Scratch;7:Tail Whip;9:Double Kick;13:(s)Poison Sting;20:Fury Swipes;23:Bite;28:Helping Hand;35:Toxic Spikes;38:Flatter;43:Crunch;50:Captivate;58:(s)Poison Fang|Hone Claws;Toxic;(s)Venoshock;Hidden Power;Sunny Day;Ice Beam;Blizzard;Protect;Rain Dance;Frustration;Thunderbolt;Thunder;Return;Dig;Double Team;(s)Sludge Bomb;Aerial Ace;Facade;Rest;Attract;Thief;Round;Echoed Voice;Shadow Claw;(s)Poison Jab;Swagger;Substitute;Rock Smash;Cut;Strength||117|MediumSlow|70|62|67|55|55|56|2|0|0|0|0|0|
Nidoqueen|31|Poison|Ground|0|1.3|60.0|Its entire body is armored with hard scales. It will protect the young in its burrow with its life.|-1|||0|45|50|1|1|land|0:Scratch;0:Tail Whip;0:Double Kick;0:(s)Poison Sting;23:Chip Away;35:Body Slam;43:(s)Earth Power;58:Superpower|Hone Claws;Roar;Toxic;(s)Venoshock;Hidden Power;Sunny Day;Taunt;Ice Beam;Blizzard;Hyper Beam;Protect;Rain Dance;Frustration;Smack Down;Thunderbolt;Thunder;(s)Earthquake;Return;(s)Dig;Shadow Ball;Brick Break;Double Team;(s)Sludge Wave;Flamethrower;(s)Sludge Bomb;Sandstorm;Fire Blast;Rock Tomb;Aerial Ace;Torment;Facade;Rest;Attract;Thief;Round;Echoed Voice;Focus Blast;Fling;Incinerate;Quash;Shadow Claw;Giga Impact;Stone Edge;(s)Bulldoze;Rock Slide;Dragon Tail;(s)Poison Jab;Swagger;Substitute;Rock Smash;Cut;Strength||194|MediumSlow|90|82|87|75|85|76|3|0|0|0|0|0|
NidoranM|32|Poison||0|0.5|9.0|It scans its surroundings by raising its ears out of the grass. Its toxic horn is for protection.|16|Nidorino||100|235|200|1|1|land|0:Leer;0:Peck;7:Focus Energy;9:Double Kick;13:(s)Poison Sting;19:Fury Attack;21:Horn Attack;25:Helping Hand;31:Toxic Spikes;33:Flatter;37:(s)Poison Jab;43:Captivate;45:Horn Drill|Hone Claws;Toxic;(s)Venoshock;Hidden Power;Sunny Day;Ice Beam;Blizzard;Protect;Rain Dance;Frustration;Thunderbolt;Thunder;Return;Dig;Double Team;(s)Sludge Bomb;Aerial Ace;Facade;Rest;Attract;Thief;Round;Echoed Voice;Shadow Claw;(s)Poison Jab;Swagger;Substitute;Rock Smash;Cut;Strength||60|MediumSlow|46|57|40|40|40|50|0|1|0|0|0|0|plains;forest;forestHills;extremeHills;
Nidorino|33|Poison||0|0.9|19.5|It has a violent disposition and stabs foes with its horn, which oozes poison upon impact.|-1|Nidoking||100|120|125|1|1|land|0:leer;0:Peck;7:Focus Energy;9:Double Kick;13:(s)Poison Sting;20:Fury Attack;23:Horn Attack;28:Helping Hand;35:Toxic Spikes;38:Flatter;43:(s)Poison Jab;50:Captivate;58:Horn Drill|Hone Claws;Toxic;(s)Venoshock;Hidden Power;Sunny Day;Ice Beam;Blizzard;Protect;Rain Dance;Frustration;Thunderbolt;Thunder;Return;Dig;Double Team;(s)Sludge Bomb;Aerial Ace;Facade;Rest;Attract;Thief;Round;Echoed Voice;Shadow Claw;(s)Poison Jab;Swagger;Substitute;Rock Smash;Cut;Strength||118|MediumSlow|61|72|57|55|55|65|0|2|0|0|0|0|
Nidoking|34|Poison|Ground|0|1.4|62.0|One swing of its mighty tail can snap a telephone pole as if it were a matchstick.|-1|||100|45|50|1|1|land|-1:(s)Poison Jab;0:Peck;0:Focus Energy;0:Double Kick;0:(s)Poison Sting;23:Chip Away;35:Trash;43:(s)Earth Power;58:Megahorn|Hone Claws;Roar;Toxic;(s)Venoshock;Hidden Power;Sunny Day;Taunt;Ice Beam;Blizzard;Hyper Beam;Protect;Rain Dance;Frustration;Smack Down;Thunderbolt;Thunder;(s)Earthquake;Return;(s)Dig;Shadow Ball;Brick Break;Double Team;(s)Sludge Wave;Flamethrower;(s)Sludge Bomb;Sandstorm;Fire Blast;Rock Tomb;Aerial Ace;Torment;Facade;Rest;Attract;Thief;Round;Echoed Voice;Focus Blast;Fling;Incinerate;Quash;Shadow Claw;Giga Impact;Stone Edge;(s)Bulldoze;Rock Slide;Dragon Tail;(s)Poison Jab;Swagger;Substitute;Rock Smash;Cut;Strength||195|MediumSlow|81|92|77|85|75|85|0|3|0|0|0|0|
Clefairy|35|Normal||0|0.6|7.5|It is said that happiness will come to those who see a gathering of Clefairy dancing under a full moon.|-1|Clefable||25|150|50|1|1|land|0:(s)Pound;0:Growl;4:Encore;7:Sing;10:(s)DoubleSlap;13:Defense Curl;16:Follow Me;19:Minimize;22:Wake-Up Slap;25:Bestow;28:Cosmic Power;31:Lucky Chant;34:Metronome;37:Gravity;40:Moonlight;43:Stored Power;46:Light Screen;49:Healing Wish;52:After You;55:Meteor Mash|Psyshock;Calm Mind;Toxic;Hidden Power;Sunny Day;Ice Beam;Blizzard;Light Screen;Protect;Rain Dance;Telekinesis;Safeguard;(s)Frustration;SolarBeam;Thunderbolt;Thunder;(s)Return;Dig;Psychic;Shadow Ball;Brick Break;Double Team;Reflect;Flamethrower;Fire Blast;(s)Facade;Rest;Attract;(s)Round;(s)Echoed Voice;Fling;Charge Beam;Incinerate;(s)Retaliate;Flash;Thunder Wave;Psych Up;Work Up;Dream Eater;Grass Knot;Swagger;Substitute;Rock Smash;(s)Strength||68|Fast|70|45|48|60|65|35|2|0|0|0|0|0|extremeHills;extremeHillsEdge;iceMountains;mushroomIsland;
Clefable|36|Normal||0|1.3|40.0|It is very wary and rarely shows itself to people. Its ears can hear a pin drop over half a mile away.|-1|||25|25|-1|1|1|land|-1:(s)Pound;0:Sing;0:(s)DoubleSlap;0:Minimize;0:Metronome|Psyshock;Calm Mind;Toxic;Hidden Power;Sunny Day;Ice Beam;Blizzard;(s)Hyper Beam;Light Screen;Protect;Rain Dance;Telekinesis;Safeguard;(s)Frustration;SolarBeam;Thunderbolt;Thunder;(s)Return;Dig;Psychic;Shadow Ball;Brick Break;Double Team;Reflect;Flamethrower;Fire Blast;(s)Facade;Rest;Attract;(s)Round;(s)Echoed Voice;Focus Blast;Fling;Charge Beam;Incinerate;(s)Retaliate;(s)Giga Impact;Flash;Thunder Wave;Psych Up;Work Up;Dream Eater;Grass Knot;Swagger;Substitute;Rock Smash;(s)Strength||129|Fast|95|70|73|85|90|60|3|0|0|0|0|0|
Vulpix|37|Fire||0|0.6|9.9|It controls balls of fire. As it grows, its six tails split from their tips to make more tails.|-1|Ninetales|FireStone:Ninetales|25|190|150|1|1|land|0:(s)Ember;4:Tail Whip;7:Roar;11:Quick Attack;14:(s)Fire Spin;17:Confuse Ray;21:Imprison;24:(s)Flame Burst;27:Safeguard;31:Will-O-Wisp;34:Payback;37:(s)Flamethrower;41:Captivate;44:(s)Inferno;47:Grudge;51:Extrasensory;54:(s)Fire Blast|Roar;Toxic;Hidden Power;Sunny Day;Protect;Safeguard;Frustration;Return;Dig;Double Team;(s)Flamethrower;(s)Fire Blast;Facade;(s)Flame Charge;Rest;Attract;Round;(s)Overheat;Energy Ball;(s)Incinerate;Will-O-Wisp;Payback;Psych Up;Swagger;Substitute||63|MediumFast|38|41|40|50|65|65|0|0|0|0|0|1|plains;extremeHills;extremeHillsEdge;forest;forestHills;
Ninetales|38|Fire||0|1.1|19.9|Its nine tails are said to be imbued with a mystic power. It can live for a thousand years.|-1|||25|75|-1|1|1|land|0:Nasty Plot;0:(s)Ember;0:Quick Attack;0:Confuse Ray;0:Safeguard|Psyshock;Calm Mind;Roar;Toxic;Hidden Power;Sunny Day;Hyper Beam;Protect;Safeguard;Frustration;SolarBeam;Return;Dig;Double Team;(s)Flamethrower;(s)Fire Blast;Facade;(s)Flame Charge;Rest;Attract;Round;(s)Overheat;Energy Ball;(s)Incinerate;Will-O-Wisp;Payback;Giga Impact;Psych Up;Dream Eater;Swagger;Substitute||178|MediumFast|73|76|75|81|100|100|0|0|0|0|1|1|
Jigglypuff|39|Normal||0|0.5|5.5|When it wavers its big, round eyes, it begins singing a lullaby that makes everyone drowsy.|-1||Moonstone:Wigglytuff|25|170|50|1|1|land|0:Sing;5:Defense Curl;9:(s)Pound;13:Disable;17:(s)Round;21:Rollout;25:(s)DoubleSlap;29:Rest;33:(s)Body Slam;37:Gyro Ball;41:Wake-Up Slap;45:Mimic;49:(s)Hyper Voice;53:(s)Double Edge|Toxic;Hidden Power;Sunny Day;Ice Beam;Blizzard;Light Screen;Protect;Rain Dance;Safeguard;(s)Frustration;SolarBeam;Thunderbolt;Thunder;(s)Return;Dig;Psychic;Shadow Ball;Brick Break;Double Team;Reflect;Flamethrower;Fire Blast;(s)Facade;Rest;Attract;(s)Round;(s)Echoed Voice;Fling;Charge Beam;Incinerate;(s)Retaliate;Flash;Thunder Wave;Gyro Ball;Psych Up;Work Up;Dream Eater;Grass Knot;Swagger;Substitute;Wild Charge;(s)Strength||76|Fast|115|45|20|45|25|20|2|0|0|0|0|0|plains;forest;forestHills;taiga;taigaHills;river;
Wigglytuff|40|Normal||0|1.0|12.0|Its fine fur feels sublime to the touch. It can expand its body by inhaling air.|-1|||25|50|-1|1|1|land|-1:(s)Pound;-1:(s)Round;-1:(s)Body Slam;-1:(s)Hyper Voice;-1:(s)Double Edge;0:Sing;0:Disable;0:Defense Curl;0:(s)DoubleSlap|Toxic;Hidden Power;Sunny Day;Ice Beam;Blizzard;(s)Hyper Beam;Light Screen;Protect;Rain Dance;Safeguard;(s)Frustration;SolarBeam;Thunderbolt;Thunder;(s)Return;Dig;Psychic;Shadow Ball;Brick Break;Double Team;Reflect;Flamethrower;Fire Blast;(s)Facade;Rest;Attract;(s)Round;(s)Echoed Voice;Fling;Charge Beam;Incinerate;(s)Retaliate;(s)Giga Impact;Flash;Thunder Wave;Gyro Ball;Psych Up;Work Up;Dream Eater;Grass Knot;Swagger;Substitute;Wild Charge;(s)Strength||109|Fast|140|70|45|75|50|45|3|0|0|0|0|0|
Zubat|41|Poison|Flying|1|0.8|7.5|It checks its surroundings and location using reflections of the ultrasonic waves from its mouth.|22|Golbat||50|255|200|3|5|land|0:Leech Life;5:Supersonic;9:Astonish;13:Bite;17:(s)Wing Attack;21:Confuse Ray;25:(s)Air Cutter;29:Mean Look;33:(s)Acrobatics;37:(s)Poison Fang;41:Haze;45:(s)Air Slash|Toxic;(s)Venoshock;Hidden Power;Sunny Day;Taunt;Protect;Rain Dance;Frustration;Return;Shadow Ball;Double Team;(s)Sludge Bomb;(s)Aerial Ace;Torment;Facade;Rest;Attract;Thief;Round;(s)Acrobatics;Payback;Swagger;(s)Pluck;U-Turn;Substitute||54|MediumFast|40|45|35|30|40|55|0|0|0|0|0|1|
Golbat|42|Poison|Flying|1|1.6|55.0|Its sharp fangs puncture the toughest of hides and have small holes for greedily sucking blood.|-1|||50|90|150|1|1|land|0:Screech;0:Leech Life;0:Supersonic;0:Astonish;5:Supersonic;9:Astonish;13:Bite;17:(s)Wing Attack;21:Confuse Ray;27:(S)Air Cutter;33:Mean Look;39:(s)Acrobatics;45:(s)Poison Fang;51:Haze;57:(s)Air Slash|Toxic;(s)Venoshock;Hidden Power;Sunny Day;Taunt;Hyper Beam;Protect;Rain Dance;Frustration;Return;Shadow Ball;Double Team;(s)Sludge Bomb;(s)Aerial Ace;Torment;Facade;Rest;Attract;Thief;Round;(s)Acrobatics;Payback;Giga Impact;Swagger;(s)Pluck;U-Turn;Substitute||171|MediumFast|75|80|70|65|75|90|0|0|0|0|0|2|
Oddish|43|Grass|Poison|0|0.5|5.4|It often plants its root feet in the ground during the day and sows seeds as it walks about at night.|21|Gloom||50|255|200|2|2|land|0:(s)Absorb;5:Sweet Scent;9:(s)Acid;13:Poison Powder;15:Stun Spore;17:Sleep Powder;21:(s)Mega Drain;25:Lucky Chant;29:Natural Gift;33:Moonlight;37:(s)Giga Drain;41:(s)Petal Dance|Toxic:(s)Venoshock;Hidden Power;Sunny Day;Protect;Frustration;(s)SolarBeam;Return;Double Team;(s)Sludge Bomb;Facade;Rest;Attract;Round;(s)Energy Ball;Flash;Swords Dance;(s)Grass Knot;Swagger;Substitute;Cut||78|MediumSlow|45|50|55|75|65|30|0|0|0|1|0|0|jungle;jungleHills;forest;forestHills
Gloom|44|Grass|Poison|0|0.8|8.6|The honey it drools from its mouth smells so atrocious, it can curl noses more than a mile away.|-1||Leafstone:Vileplume;Sunstone:Bellossom|50|120|125|1|1|land|0:(s)Absorb;0:Sweet Scrent;0:(s)Acid;13:PoisonPowder;15:Stun Spore;17:Sleep Powder;23:(s)Mega Drain;29:Lucky Chant;35:Natural Gift;41:Moonlight;47:(s)Giga Drain;53:(s)Petal Dance|Toxic:(s)Venoshock;Hidden Power;Sunny Day;Protect;Frustration;(s)SolarBeam;Return;Double Team;(s)Sludge Bomb;Facade;Rest;Attract;Round;(s)Energy Ball;Flash;Swords Dance;(s)Grass Knot;Swagger;Substitute;Cut||132|MediumSlow|60|65|70|85|75|40|0|0|0|2|0|0|
Vileplume|45|Grass|Poison|0|1.2|18.6|Its petals are the largest in the world. As it walks, it scatters extremely allergenic pollen.|-1|||50|45|75|1|1|land|-1:(s)Absorb;-1:(s)Acid;-1:(s)Giga Drain;0:(s)Mega Drain;0:Aromatherapy;0:Stun Spower;0:PoisonPowder;53:(s)Petal Dance;65:(s)SolarBeam|Toxic:(s)Venoshock;Hidden Power;Sunny Day;Hyper Beam;Protect;Frustration;(s)SolarBeam;Return;Double Team;(s)Sludge Bomb;Facade;Rest;Attract;Round;(s)Energy Ball;Fling;Giga Impact;Flash;Swords Dance;(s)Grass Knot;Swagger;Substitute;Cut||184|MediumSlow|75|80|85|100|90|50|0|0|0|3|0|0|
Paras|46|Bug|Grass|0|0.3|5.4|Mushrooms named tochukaso grow on its back. They grow along with the host Paras.|24|Parasect||50|190|200|1|1|land|0:Scratch;6:Stun Spore;6:PoisonPowder;11:(s)Leech Life;17:(s)Fury Cutter;22:Spore;27:Slash;33:Growth;38:(s)Giga Drain;43:Aromatherapy;49:(s)Rage Powder;54:(s)X-Scissor;|Hone Claws;Toxic;Venoshock;Hidden power;Sunny Day;Light Screen;Protect;Frustration;(s)SolarBeam;Return;Dig;Brick Break; Double Team; Sludge Bomb; Aerial Ace; Facade; Rest;Attract;Thief;Round;(s)Energy Ball;False Swipe;Flash;Swords Dance;(s)Struggle Bug;(s)X-Scissor;(s)Grass Knot;Swagger;Substitute;Rock Smash;Cut;||70|MediumFast|35|70|55|45|55|25|0|1|0|0|0|0|forest;jungle;swampland
Parasect|47|Bug|Grass|0|1.0|29.5|A mushroom grown larger than the host's body controls Parasect. It scatters poisonous spores.|-1|||50|75|125|1|1|land|0:Cross Poison;0:Scratch;0:Stun Spore;0:PoisonPowder;0:(s)Leech Life;6:Stun Spore;6:Poison Powder;11:(s)Leech Life;17:(s)Fury Cutter;22:Spore;29:Slash;37:Growth;44:(s)Giga Drain;51:Aromatherapy;59:(s)Rage Powder;66:(s)X-Scissor;|Hone Claws;Toxic;Venoshock;Hidden Power;Sunny Day;Hyper Beam; Light Screen;Protect; Frustration;(s)SolarBeam;Return;Dig;Brick Break;Double Team;Sludge Bomb;Aerial Ace;Facade;Rest;Attract;Thief;Round;(s)Energy Ball;False Swipe;Giga Impact;Flash;Swords Dance;(s)Struggle Bug;(s)X-Scissor;(s)Grass Knot;Swagger;Substitute;Rock Smash;Cut;||128|MediumFast|60|95|80|60|80|30|0|2|1|0|0|0|
Venonat|48|Bug|Poison|0|1.0|3.0|Its big eyes are actually clusters of tiny eyes. At night, its kind is drawn by light.|31|Venomoth||50|190|175|1|1|land|0:Tackle;0:Disable;0:Foresight;5:Supersonic;11:Confusion;13:PoisonPowder;17:(s)Leech Life;23:Stun Spore;25:Psybeam;29:Sleep Powder;35:(s)Signal Beam;37:Zen Headbutt;41:(s)Poison Fang;47:Psychic;|Toxic;(s)Venoshock;Hidden power;Sunny Day;Protect;Frustration;SolarBeam;Return;Psychic;Double Team;(s)Sludge Bomb;Facade;Rest;Attract;Thief;Round;Flash;(s)Struggle Bug;Swagger;Substitute;||75|MediumFast|60|55|50|40|55|45|0|0|1|0|0|0|swampland;jungle;jungleHills
Venomoth|49|Bug|Poison|1|1.5|12.5|It flutters its wings to scatter dustlike scales. The scales leach toxins if they contact skin.|-1|||50|75||1|4|land|0:(s)Silver Wind;0:Tackle;0:Disable;0:Foresight;0:Supersonic;5:Supersonic;11:Confusion;13:Poison Powder;17:(s)Leech life);23:Stun spore;25:Psybeam;29:Sleep Powder;31:Gust;37:(s)Signal Beam;41:Zen Headbutt;47:(s)Poison Fang;55:Psychic;59:(s)Bug Buzz;63:Quiver Dance|Toxic;(s)Venoshock;Hidden power;Sunny Day;Hyper Beam;Protect;Frustration;SolarBeam;Return;Psychic;Double Team;(s)Sludge Bomb;Aerial Ace;Facade;Rest;Attract;Thief;Round;Energy Ball;Acrobatics;Giga Impact;Flash;(s)Struggle Bug;Swagger;U-Turn;Substitute;||138|MediumFast|70|65|60|90|75|90|0|0|0|1|0|1|Swampland;Jungle;Junglehills
Diglett|50|Ground||0|0.2|0.8|Lives about one yard underground where it feeds on plant roots. It sometimes appears aboveground.|26|Dugtrio||50|255|200|1|4|land|0:Scratch;0:Sand-Attack;4:Growl;7:Astonish;12:(s)Mud-Slap;15:(s)Magnitude;18:(s)Bulldoze;23:Sucker Punch;26:(s)Mud Bomb;29:(s)Earth Power;34:(s)Dig;37:Slash;40:(s)Earthquake;45:Fissure|Hone Claws;Toxic;Hidden Power;Sunny Day;Protect;Frustration;(s)Earthquake;Return;(s)Dig;Double Team;Sludge Bomb;Sandstorm;Rock Tomb;Aerial Ace;Facade;Rest;Attract;Thief;Round;Echoed Voice;Shadow Claw;(s)Bulldoze;Rock Slide;Swagger;Substitute;Rock Smash;Cut||81|MediumFast|10|55|25|35|45|95|0|0|0|0|0|1|desert;desertHills;beach;
Dugtrio|51|Ground||0|0.7|33.3|Its three heads move alternately, driving it through tough soil to depths of over 60 miles.||||50|50|-1|1|1|land|0:Tri Attack;0:Scratch;0:Sand-Attack;0:Growl;5:Growl;9:(s)Magnitude;17:(s)Dig;21:Fury Swipes;25:(s)Mud-Slap;26:(s)Sand Tomb;38:Slash;51:(s)Earthquake;64:Fissure;|Toxic;Hidden Power;Sunny Day; Hyper Beam; Protect; Furstration; (s)Earthquake; Return; (s)Dig; Double Team; Sludge Bomb; Rock Tomb;Aerial Ace;Facade;Secret Power; Rest;Attract;Theif;Cut;Rock Smash||153|MediumFast|35|80|50|50|70|120|0|0|0|0|0|2|
Meowth|52|Normal||0|0.4|4.2|It is nocturnal in nature. If it spots something shiny, its eyes glitter brightly.|28|Persian||50|255|150|1|3|land|0:(s)Scratch;0:Growl;6:Bite;9:(s)Fake Out;14:(s)Fury Swipes;17:Screech;22:Faint Attack;25:Taunt;30:(s)Pay Day;33:(s)Slash;38:Nasty Plot;41:Assurance;46:Captivate;49:Night Slash;54:(s)Feint|Hone Claws;Toxic;Hidden Power;Sunny Day;Taunt;Protect;Rain Dance;(s)Frustration;Thunderbolt;Thunder;(s)Return;Dig;Shadow Ball;Double Team;Aerial Ace;Torment;(s)Facade;Rest;Attract;Thief;(s)Round;(s)Echoed Voice;Shadow Claw;Payback;(s)Retaliate;Flash;Psych Up;Work Up;Dream Eater;Swagger;U-Turn;Substitute;(s)Cut||69|MediumFast|40|45|35|40|40|90|0|0|0|0|0|1|Plains
Persian|53|Normal||0|1.0|32.0|A very haughty Pokémon. Among fans, the size of the jewel in its forehead is a topic of much talk.|-1|||50|148|55|1|2|land|-1:(s)Pay Day;0:Switcheroo;0:(s)Scratch;0:Growl;0:Bite;0:(s)Fake Out;6:Bite;9:(s)Fake Out;14:(s)Fury Swipes;17:Screech;22:Faint Attack;25:Taunt;32:Power Gem;37:(s)Slash;44:Nasty Plot;49:Assurance;56:Captivate;61:Night Slash;68:(s)Feint|Hone Claws;Roar;Toxic;Hidden Power;Sunny Day;Taunt;(s)Hyper Beam;Protect;Rain Dance;(s)Frustration;Thunderbolt;Thunder;(s)Return;Dig;Shadow Ball;Double Team;Aerial Ace;Torment;(s)Facade;Rest;Attract;Thief;(s)Round;(s)Echoed Voice;Embargo;Shadow Claw;Payback;(s)Retaliate;(s)Giga Impact;Flash;Psych Up;Work Up;Dream Eater;Swagger;U-Turn;Substitute;(s)Cut||148|MediumFast|65|70|60|65|65|115|0|0|0|0|0|2|Plains
Psyduck|54|Water||0|0.8|19.6|Overwhelmed by enigmatic abilities, it suffers a constant headache. It sometimes uses mysterious powers.|33|Golduck||50|190|150|1|4|land|0:Water Sport;0:Scratch;5:Tail Whip;9:(s)Water Gun;14:Disable;18:Confusion;22:(s)Water Pulse;27:Fury Swipes;31:Screech;35:Soak;40:Psych Up;44:Zen Headbutt;48:Amnesia;53:(s)Hydro Pump; 57:Wonder Room|Hone Claws;Psyshock;Calm Mind;Toxic;Hail;Hidden Power;Ice Beam;Blizzard;Light Screen;Protect;Rain Dance;Telekinesis;Frustration;Return;Dig;Psychic;Brick Break;Double Team;Aerial Ace;Facade;Rest;Attract;Round;(s)Scald;Fling;Shadow Claw;Flash;Psych Up;Swagger;Substitute;Rock Smash;(s)Surf;Strength;(s)Waterfall;(s)Dive||80|MediumFast|50|52|48|65|50|55|0|0|0|1|0|0|river;beach;plains;swampland;
Golduck|55|Water||0|1.7|76.6|It is seen swimming dynamically and elegantly using its well-developed limbs and flippers.|-1|||50|75|90|1|3|land|0:(s)Aqua Jet;0:Water Sport;0:Scratch;0:Tail Whip;0:(s)Water Gun;5:Tail Whip;9:(s)Water Gun;14:Disable;18:Confusion;22:(s)Water Pulse;27:Fury Swipes;31:Screech;37:Soak;44:Zen Headbutt;56:Amnesia;63:(s)Hydro Pump;69:Wonder Room|Hone Claws;Psyshock;Calm Mind;Toxic;Hail;Hidden Power;Ice Beam;Blizzard;Hyper Beam;Light Screen;Protect;Rain Dance;Telekinesis;Frustration;Return;Dig;Psychic;Brick Break;Double Team;Aerial Ace;Facade;Rest;Attract;Low Sweep;Round;(s)Scald;Fling;Shadow Claw;Giga Impact;Flash;Psych Up;Swagger;Substitute;Rock Smash;(s)Surf;Strength;(s)Waterfall;(s)Dive||174|MediumFast|80|82|78|95|80|85|0|0|0|2|0|0|river;beach;plains;swampland;
Mankey|56|Fighting||0|0.5|28.0|It lives in treetop colonies. If one becomes enraged, the whole colony rampages for no reason.|28|Primeape||50|190|175|3|6|land|0:Covet;0:Scratch;0:(s)Low Kick;0:Leer;0:Focus Energy;9:Fury Swipes;13:(s)Karate Chop;17:Seismic Toss;21:Screech;25:Assurance;33:Swagger;37:(s)Cross Chop;41:Thrash;45:Punishment;49(s):Close Combat;53:Final Gambit|Hone Claws;Toxic;Bulk Up;Hidden Power;Sunny Day;Taunt;Protect;Rain Dance;Frustration;Smack Down;Thunderbolt;Thunder;Earthquake;Return;Dig;(s)Brick Break;Double Team;Rock Tomb;Aerial Ace;Facade;Rest;Attract;Thief;(s)Low Sweep;Round;Overheat;(s)Focus Blast;Fling;Acrobatics;Payback;Retaliate;Bulldoze;Rock Slide;Work Up;Poison Jab;Swagger;U-turn;Substitute;(s)Rock Smash;Strength||74|MediumFast|40|80|35|35|45|70|0|1|0|0|0|0|jungle;jungleHills;forest;ExtremeHills
Primeape|57|Fighting||0|1.0|32.0|It grows angry if you see its eyes and gets angrier if you run. If you beat it, it gets even madder.|-1|||50|75|85|1|3|land|0:Fling;0:Scratch;0:(s)Low Kick;0:Leer;0:Focus Energy;9:Fury Swipes;13:(s)Karate Chop;17:Seismic Toss;21:Screech;25:Assurance;28:Rage;35:Swagger;41:(s)Cross Chop;47:Trash;53:Punishment;59:(s)Close Combat;63:Final Gambit|Hone Claws;Toxic;Bulk Up;Hidden Power;Sunny Day;Taunt;Hyper Beam;Protect;Rain Dance;Frustration;Smack Down;Thunderbolt;Thunder;Earthquake;Return;Dig;(s)Brick Break;Double Team;Rock Tomb;Aerial Ace;Facade;Rest;Attract;Thief;(s)Low Sweep;Round;Overheat;(s)Focus Blast;Fling;Acrobatics;Payback;Retaliate;Giga Impact;Stone Edge;Bulldoze;Rock Slide;Work Up;Poison Jab;Swagger;U-turn;Substitute;(s)Rock Smash;Strength||149|MediumFast|65|105|60|60|70|95|0|2|0|0|0|0|jungle;jungleHills;forest;ExtremeHills
Growlithe|58|Fire||0|0.7|19.0|A Pokémon with a loyal nature. It will remain motionless until it is given an order by its Trainer.|-1|Arcanine|Firestone:Arcanine|75|190|150|3|8|land|0:Bite;0:Roar;6:(s)Ember;9:Leer;14:Odor Sleuth;17:Helping Hand;20:(s)Flame Wheel;25:Reversal;29:(s)Fire Fang;31:(s)Flame Burst;34:Take Down;39:(s)Flamethrower;42:Agility;45:Crunch;48:Retaliate;51:(s)Heat Wave;56:(s)Flare Blitz;|Roar;Toxic;Hidden Power;Sunny Day;Protect;Safeguard;Frustration;Return;Dig;Double Team;(s)Flamethrower;(s)Fire Blast;Aerial Ace;Facade;(s)Flame Charge;Rest;Attract;Thief;Round;(s)Overheat;(s)Incinerate;Will-O-Wisp;Retaliate;Swagger;Substitute;Wild Charge;Rock Smash;Snarl;Strength||91|Slow|55|70|45|70|50|60|0|1|0|0|0|0|forest;forestHills;plains
Arcanine|59|Fire||0|1.9|155.0|Its proud and regal appearance has captured the hearts of people since long ago.|-1|||75|75|40|1|1|land|-1:(s)Ember;-1:(s)Flame Wheel;-1:(s)Flame Burst;-1:(s)Flamethrower;-1:(s)Heat Wave;-1:(s)Flare Blitz;0:Thunder Fang;0:Bite;0:Roar;0:(s)Fire Fang;0:Odor Sleuth;39:ExtremeSpeed|||||||||||0|0|0|0|0|0|
Abra|63|Psychic||0|0.9|19.5|Using its ability to read minds, it will sense impending danger and teleport to safety.|16|Kadabra||75|200|100|1|1|land|0:Teleport|(s)Psyshock;Calm Mind;Toxic;Hidden Power;Sunny Day;Taunt;Light Screen;Protect;Rain Dance;Telekinesis;Safeguard;Frustration;Return;(s)Psychic;Shadow Ball;Double Team;Reflect;Torment;Facade;Rest;Attract;Thief;Round;Ally Switch;Energy Ball;Fling;Charge Beam;Embargo;Flash;Thunder Wave;Psych Up;(s)Dream Eater;Grass Knot;Swagger;Substitute;Trick Room||75|MediumSlow|25|20|15|105|55|90|0|0|0|1|0|0|forest;taiga;
Geodude|74|Rock|Ground|0|0.4|20.0|Found in fields and mountains. Mistaking them for boulders, people often step or trip on them.|25|Graveler||50|255|200|1|1|land|0:Tackle;0:Defense Curl;4:Mud Sport;8:Rock Polish;11:(s)Rock Throw;15:(s)Magnitude;18(s)Rollout;22:(s)Rock Blast;25:(s)Smack Down;19:Selfdestruct;32:(s)Bulldoze;36:Stealth Rock;39:(s)Earthquake;43:Explosion;46:Double-Edge;50:(s)Stone Edge|Toxic;Hidden Power;Sunny Day;Protect;Frustration;(s)Smack Down;(s)Earthquake;Return;(s)Dig;Brick Break;Double Team;Flamethrower;Sandstorm;Fire Blast;(s)Rock Tomb;Facade;Rest;Attract;Round;Fling;Incinerate;Explosion;Rock Polish;(s)Stone Edge;Gyro Ball;(s)Bulldoze;(s)Rock Slide;Swagger;Substitute;Rock Smash;Strength||73|MediumSlow|40|80|100|30|30|20|0|0|1|0|0|0|desert;desertHills;extremeHills;extremeHillsEdge;
Magnemite|81|Electric|Steel||0.3|6.0|Uses antigravity to stay suspended. Appears without warning and uses Thunder Wave and similar moves.|30|Magneton||-1|190|200|1|1|land|0:Metal Sound;0:Tackle;6:(s)ThunderShock;11:Supersonic;14:SonicBoom;17:Thunder Wave;22:(s)Spark;27:(s)Electro Ball;30:Lock-On;33:(s)Magnet Bomb;38:Screech;43:(s)Discharge;46:(s)Mirror Shot;49:Magnet Rise;54:(s)Gyro Ball;59:(s)Zap Cannon|Toxic;Hidden Power;Sunny Day;Light Screen;Protect;Rain Dance;Frustration;(s)Thunderbolt;(s)Thunder;Return;Double Team;Reflect;Facade;Rest;Round;(s)Charge Beam;Explosion;Flash;(s)Volt Switch;Thunder Wave;(s)Gyro Ball;Psych Up;Swagger;Substitute;(s)Flash Cannon;(s)Wild Charge||89|MediumFast|25|35|70|95|55|45|0|0|0|1|0|0|taiga;taigaHills;iceMountains;icePlains;
Gastly|92|Ghost|Poison|0|1.3|0.1|Almost invisible, this gaseous Pokémon cloaks the target and puts it to sleep without notice.|25|Haunter||50|190|150|1|1|land|0:Hypnosis;0:(s)Lick;5:Spite;8:Mean Look;12:Curse;15:Night Shade;19:Confuse Ray;22:Sucker Punch;26:Payback;29:(s)Shadow Ball;33:Dream Eater;36:Dark Pulse;40:Destiny Bond;43:(s)Hex;47:Nightmare|Toxic;(s)Venoshock;Hidden Power;Sunny Day;Taunt;Protect;Rain Dance;Telekinesis;Frustration;Thunderbolt;Return;Psychic;(s)Shadow Ball;Double Team;(s)Sludge Bomb;Torment;Facade;Rest;Attract;Thief;Round;Energy Ball;Will-O-Wisp;Embargo;Explosion;Payback;Psych Up;Dream Eater;Swagger;Substitute;Trick Room||95|MediumSlow|30|35|30|100|35|80|0|0|0|1|0|0|taiga;taigaHills;forest;
Voltorb|100|Electric||0|0.5|10.4|Usually found in power plants. Easily mistaken for a Poké Ball, it has zapped many people.|30|Electrode||-1|190|150|1|1|land|0:Charge;5:Tackle;8:SonicBoom;12:(s)Spark;15:Rollout;19:Screech;22:(s)Charge Beam;26:Light Screen;29:(s)Electro Ball;33:SelfDestruct;36:Swift;40:Magnet Rise;43:Gyro Ball;47:Explosion;50:Mirror Coat|Toxic;Hidden Power;Taunt;Light Screen;;Protect;Rain Dance;Frustration;(s)Thunderbolt;(s)Thunder;Return;Double Team;Torment;Facade;Rest;Thief;Round;(s)Charge Beam;Explosion;Flash;(s)Volt Switch;Thunder Wave;Gyro Ball;Swagger;Substitute;(s)Wild Charge||103|MediumFast|40|30|50|55|55|100|0|0|0|0|0|1|forest;forestHills;plains;extremeHillsEdge;
Horsea|116|Water||0|0.4|8.0|Known to shoot down flying bugs with precision blasts of ink from the surface of the water. |32|Seadra||50|225|100|1|1|water|0:(s)Bubble;4:SmokeScreen;8:Leer;11:(s)Water Gun;14:Focus Energy;18:(s)BubbleBeam;23:Agility;26:Twister;30:(s)Brine;35:(s)Hydro Pump;38:Dragon Dance;42:Dragon Pulse;|Toxic;Hail;Hidden Power;Ice Beam;Blizzard;Protect;Rain Dance;Frustration;Return;Double Team;Facade;Rest;Attract;Round;(s)Scald;Swagger;Substitute;Flash Cannon;(s)Surf;(s)Waterfall;(s)Dive||83|MediumFast|30|40|70|70|25|60|0|0|0|1|0|0|river;ocean;
Magikarp|129|Water||0|0.9|10.0|In the distant past, it was somewhat stronger than the horribly weak descendants that exist today.|20|Gyarados||50|255|200|4|8|water|0:Splash;15:Tackle;30:Flail|||20|Slow|20|10|55|15|20|80|0|0|0|0|0|1|river;ocean;frozenRiver;frozenOcean
Gyarados|130|Water|Flying|0|6.5|235.0|Rarely seen in the wild. Huge and vicious, it is capable of destroying entire cities in a rage.|-1|||50|45|1|1|1|Sea|0:Thrash;20:Bite;23:Dragon Rage;26:Leer;29:Twister;32:Ice Fang;35:(s)Aqua Tail;38:Rain Dance;41:(s)Hydro Pump;44:Dragon Dance;47:Hyper Beam;|Roar;Toxic;Hail;Hidden Power;Taunt;Ice Beam;Blizzard;Hyper Beam;Protect;Rain Dance;Frustration;Thunderbolt;Thunder;Earthquake;Return;Double Team;Flamethrower;Sandstorm;Fire Blast;Torment;Facade;Rest;Attract;Round;(s)Scald;Incinerate;Payback;Giga Impact;Stone Edge;Thunder Wave;Bulldoze;Dragon Tail;Swagger;Substitute;Rock Smash;(s)Surf;Strength;(s)Waterfall;(s)Dive||214|Slow|95|125|79|60|100|81|0|2|0|0|0|0|ocean;
Eevee|133|Normal||1|0.3|6.5|Because its genetic makeup is irregular, it quickly changes its form due to a variety of causes.|-1||Firestone:Flareon;Waterstone:Vaporeon;Thunderstone:Jolteon|88|45|100|1|1|land|0:Tail Whip;0:(s)Tackle;8:Sand-Attack;15:Growl;22:(s)Quick Attack;29:Bite;36:Baton Pass;43:(s)Take Down;50:(s)Last Resort;57:(s)Trump Card|Toxic;Hidden Power;Sunny Day;Protect;Rain Dance;(s)Frustration;(s)Return;Dig;Shadow Ball;Double Team;(s)Facade;Rest;Attract;(s)Round;(s)Echoed Voice;(s)Retaliate;Work Up;Swagger;Substitute||92|MediumFast|55|55|50|45|65|55|0|0|0|0|1|0|plains;forest;river;
Vaporeon|134|Water||0|1.0|29.0|Lives close to water. Its long tail is ridged with a fin which is often mistaken for a mermaid's|-1|||87|45||1|1|land||||196|MediumFast|130|65|60|110|95|65|2|0|0|0|0|0|
Jolteon|135|Electric||0|0.8|24.5|Every hair on its body starts to stand sharply on end if it becomes charged with electricity.|-1|||88|45|-1|1|1|land|0:Tail Whip;0:Tackle;0:Helping Hand;8:Sand-Attack;15:(s)ThunderShock;22:Quick Attack;29:Double Kick;36:Pin Missile;43:(s)Thunder Fang;50:Last Resort;57:Thunder Wave;64:Agility;71:(s)Thunder;78:(s)Discharge|Roar;Toxic;Hidden Power;Sunny Day;Hyper Beam;Light Screen;Protect;Rain Dance;Frustration;(s)Thunderbolt;(s)Thunder;Return;Dig;Shadow Ball;Double Team;Facade;Rest;Attract;Round;Echoed Voice;(s)Charge Beam;Retaliate;Giga Impact;Flash;(s)Volt Switch;Thunder Wave;Work Up;Swagger;Substitute;(s)Wild Charge;Rock Smash;Strength||197|MediumFast|65|65|60|110|95|130|0|0|0|0|0|2|
Flareon|136|Fire||0|0.9|25.0|When storing thermal energy in its body, its temperature could soar to over 1,600 degrees.|-1|||87|45|-1|1|1|land|0:Tail Whip;0:Tackle;0:Helping Hand;8:Sand-Attack;15:(s)Ember;22:Quick Attack;29:Bite;36:(s)Fire Spin;43:(s)Fire Fang;50:Last Resort;57:Smog;64:Scary Face;71:(s)Fire Blast;78:(s)Lava Plume|Roar;Toxic;Hidden Power;Sunny Day;Hyper Beam;Protect;Rain Dance;Frustration;Return;Dig;Shadow Ball;Double Team;(s)Flamethrower;(s)Fire Blast;Facade;(s)Flame Charge;Rest;Attract;Round;Echoed Voice;(s)Overheat;(s)Incinerate;Will-O-Wisp;Retaliate;Giga Impact;Work Up;Swagger;Substitute;Rock Smash;Strength||198|MediumFast|60|130|60|95|110|65|0|2|0|0|0|0|
Omanyte|138|Rock|Water|0|0.4|7.5|This Pokémon from ancient times is said to have navigated the sea by adeptly twisting its 10 tentacles.|40|Omastar||88|45|20|2|2|water|0:Constrict;0:Withdraw;7:Bite;10:(s)Water Gun;16:(s)Rollout;19:Leer;25:Mud Shot;28:(s)Brine;34:Protect;37:(s)AncientPower;43:Tickle;46:(s)Rock Blast;52:Shell Smash;55:(s)Hydro Pump|Toxic;Hail;Hidden Power;Ice Beam;Blizzard;Protect;Rain Dance;Frustration;(s)Smack Down;Return;Double Team;Sandstorm;(s)Rock Tomb;Facade;Rest;Attract;Thief;Round;(s)Scald;Rock Polish;Gyro Ball;(s)Rock Slide;Swagger;Substitute;Rock Smash;(s)Surf;(s)Waterfall;(s)Dive||99|MediumFast|35|40|100|90|55|35|0|0|1|0|0|0|ocean
Omastar|139|Rock|Water|0|1.0|35.0|Once wrapped around its prey, it never lets go. It eats the prey by tearing at it with sharp fangs.|-1|||88|45|-1|1|1|water|0:Constrict;0:Withdraw;0:Bite;7:Bite;10:(s)Water Gun;16:(s)Rollout;19:Leer;25:Mud Shot;28:(s)Brine;34:Protect;37:(s)AncientPower;40:Spike Cannon;48:Tickle;56:(s)Rock Blast;67:Shell Smash;75:(s)Hydro Pump|Toxic;Hail;Hidden Power;Ice Beam;Blizzard;Hyper Beam;Protect;Rain Dance;Frustration;(s)Smack Down;Return;Double Team;Sandstorm;(s)Rock Tomb;Facade;Rest;Attract;Thief;Round;(s)Scald;Giga Impact;Rock Polish;(s)Stone Edge;Gyro Ball;(s)Rock Slide;Swagger;Substitute;Rock Smash;(s)Surf;(s)Waterfall;(s)Dive||199|MediumFast|70|60|125|115|70|55|0|0|2|0|0|0|
Snorlax|143|Normal||0|2.1|460.0|When its belly is full, it becomes too lethargic to even lift a finger, so it is safe to bounce on its belly.|-1|||88|25|25|1|1|land|0:(s)Tackle;4:Defense Curl;9:Amnesia;12:Lick;17:Belly Drum;20:Yawn;25:(s)Chip Away;28:Rest;28:Snore;33:Sleep Talk;36:(s)Body Slam;41:Block;44:Rollout;49:Crunch;52:Heavy Slam;57:(s)Giga Impact|Toxic;Hidden Power;Sunny Day;Ice Beam;Blizzard;(s)Hyper Beam;Protect;Rain Dance;(s)Frustration;SolarBeam;Smack Down;Thunderbolt;Thunder;Earthquake;(s)Return;;Psychic;Shadow Ball;Brick Break;Double Team;Flamethrower;Sandstorm;Fire Blast;Rock Tomb;(s)Facade;Rest;Attract;(s)Round;Focus Blast;Fling;Incinerate;(s)Retaliate;(s)Giga Impact;Bulldoze;Rock Slide;Work Up;Swagger;Substitute;Wild Charge;Rock Smash;Surf;(s)Strength||154|Slow|160|110|65|65|110|30|2|0|0|0|0|0|plains;
Dratini|147|Dragon||0|1.8|3.3|Long considered a mythical Pokémon until recently, when a small colony was found living underwater.|30|Dragonair||50|45|150|20|20|water|0:Wrap;0:Leer;5:Thunder Wave;11:(s)Twister;15:Dragon Rage;21:Slam;25:Agility;31:(s)Dragon Tail;35:Aqua Tail;41:(s)Dragon Rush;45:Safeguard;51:Dragon Dance;55:(s)Outrage;61:Hyper Beam;|Toxic;Hail;Hidden Power;Sunny Day; Ice Beam; Blizzard; Hyper Beam; Light Screen; Protect;Rain Dance; Safeguard; Frustration;Thunderbolt;Thunder;Return;Double Team;Flamethrower;Fire Blast;Facade;Rest; Attract;Round;Incinerate;Thunder Wave;(s)Dragon Tail; Swagger;Substitute;Surf;Waterfall;||67|Slow|41|64|45|50|50|50|0|1|0|0|0|0|ocean;river;frozenOcean;frozenRiver;
Mew|151|Psychic||0|0.4|4.0|So rare that it is still said to be a mirage by many experts. Only a few people have seen it worldwide.|-1|||50|45|1|1|1|land|0:Pound;0:Reflect Type;0:Transform;10:Mega Punch;20:Metronome;30:(s)Phychic;40:Barrier;50:AncientPower;60:Amnesia;70:Me First;80:Baton Pass;90:Nasty Plot;100:Aura Sphere|Hone Claws;Dragon Claw;(s)Psyshock;Calm Mind;Roar;Toxic;Hail;Bulk Up;Venoshock;Hidden Power;Sunny Day;Taunt;Ice Beam;Blizzard;Hyper Beam;Light Screen;Protect;Rain Dance;Telekinesis;Safeguard;Frustration;SolarBeam;Smack Down;Thunderbolt;Thunder;Earthquake;Return;Dig;(s)Psychic;Shadow Ball;Brick Break;Double Team;Reflect;Sludge Wave;Flamethrower;Sludge Bomb;Sandstorm;Fire Blast;Rock Tomb;Aerial Ace;Torment;Facade;Flame Charge;Rest;Attract;Thief;Low Sweep;Round;Echoed Voice;Overheat;Ally Switch;Focus Blast;Energy Ball;False Swipe;Scald;Fling;Charge Beam;Sky Drop;Incinerate;Quash;Will-O-Wisp;Acrobatics;Embargo;Explosion;Shadow Claw;Payback;Retaliate;Giga Impact;Rock Polish;Flash;Stone Edge;Volt Switch;Thunder Wave;Gyro Ball;Swords Dance;Struggle Bug;Psych Up;Bulldoze;Frost Breath;Rock Slide;X-Scissor;Dragon Tail;Work Up;Poison Jab;(s)Dream Eater;Grass Knot;Swagger;Pluck;U-turn;Substitute;Flash Cannon;Trick Room;Wild Charge;Rock Smash;Snarl;Cut;Fly;Surf;Strength;Waterfall;Dive||64|MediumSlow|100|100|100|100|100|100|3|0|0|0|0|0|
Miltank|241|Normal||0|1.2|75.5|Miltank, the Milk Cow Pokémon. It is widely known that drinking Miltank milk when you are young helps you to grow up strong and healthy.|-1|||0|45|125|2|5|land|0:(s)Tackle;3:Growl;5:Defense Curl;8:(s)Stomp;11:Milk Drink;15:Bide;19:Rollout;24:(s)Body Slam;29:Zen Headbutt;35:Captivate;41:Gyro Ball;48:Heal Bell;55:Wake-Up Slap|Toxic;Hidden Power;Sunny Day;Ice Beam;Blizzard;(s)Hyper Beam;Protect;Rain Dance;(s)Frustration;SolarBeam;Thunderbolt;Thunder;Earthquake;(s)Return;Shadow Ball;Brick Break;Double Team;Sandstorm;Rock Tomb;(s)Facade;Rest;Attract;(s)Round;(s)Echoed Voice;Focus Blast;Fling;(s)Retaliate;(s)Giga Impact;Thunder Wave;Gyro Ball;Psych Up;Bulldoze;Rock Slide;Work Up;Swagger;Substitute;Rock Smash;Surf;(s)Strength||200|Slow|95|80|105|40|70|100|0|0|2|0|0|0|beach;extremeHills;extremeHillsEdge;forest;forestHills;frozenRiver;iceMountains;icePlains;jungle;jungleHills;mushroomIsland;mushroomIslandShore;plains;river;swampland;taiga;taigaHills
Trapinch|328|Ground||0|0.7|15.0|Trapinch's nest is a sloped, bowl-like pit dug in sand. This Pokémon patiently waits for prey to tumble down the pit. Its giant jaws have enough strength to crush even boulders.|35|Vibrava||50|255|180|2|2|land|0:Bite;9:Sand-Attack;17:Faint Attack;25:(s)Sand Tomb;33:Crunch;41:(s)Dig;49:Sandstorm;57:Hyper Beam;65:(s)Earth Power;73:(s)Earthquake;81:Feint;89:Fissure|Toxic;Hidden Power;Sunny Day;Hyper Beam;Protect;Frustration;SolarBeam;(s)Earthquake;Return;(s)Dig;Double Team;Sandstorm;Rock Tomb;Facade;Rest;Attract;Round;Struggle Bug;(s)Bulldoze;Rock Slide;Swagger;Substitute;Rock Smash;Strength||73|MediumSlow|45|100|45|45|45|10|0|1|0|0|0|0|desert;desertHills;
Solrock|338|Rock|Psychic|0|1.2|154.0|Solrock is a new species of Pokémon that is said to have fallen from space. It floats in the air and moves silently. In battle, this Pokémon releases intensely bright light. |-1|||50|45|40|1|3|land|0:Tackle;0:Harden;0:(s)Confusion;9:(s)Rock Throw;12:Fire Spin;20:Rock Polish;23:Psywave;31:Embargo;34:Cosmic Power;42:Heal Block;45:(s)Rock Slide;53:SolarBeam;56:Explosion;64;Wonder Room|(s)Psyshock;Calm Mind;Toxic;Hidden Power;Sunny Day;Hyper Beam;Light Screen;Protect;Telekinesis;Safeguard;Frustration;SolarBeam;(s)Smack Down;Earthquake;Return;(s)Psychic;Shadow Ball;Double Team;Reflect;Flamethrower;Sandstorm;Fire Blast;(s)Rock Tomb;Facade;Rest;Round;Overheat;Charge Beam;Incinerate;Will-O-Wisp;Acrobatics;Embargo;Explosion;Giga Impact;Rock Polish;Flash;(s)Stone Edge;Gyro Ball;Psych Up;Bulldoze;(s)Rock Slide;(s)Dream Eater;Grass Knot;Swagger;Substitute;Trick Room||150|Fast|70|95|85|55|65|70|0|2|0|0|0|0|extremeHillsEdge;
Sandile|551|Ground|Dark|0|0.7|15.2|They live buried in the sands of the desert. The sun-warmed sands prevent their body temperature from dropping. |29|Krokorok||50|180|140|2|5|land|0:Leer;0:Rage;4:(s)Bite;7:Sand-Attack;10:Torment;13:(s)Sand Tomb;16:(s)Assurance;19:(s)Mud-Slap;22:Embargo;25:Swagger;28:(s)Crunch;31:(s)Dig;34:Scary Face;37:(s)Foul Play;40:Sandstorm;43:(s)Earthquake;46:Thrash;|Hone Claws;Roar;Toxic;Hidden Power;Taunt;Protect;Frustration;(s)Earthquake;Return;(s)Dug;Double Team;Sludge Bomb;Sandstorm;Rock Tomb;Torment;Facade;Rest;Attract;Thief;Round;Incinerate;Embargo;(s)Payback;Retaliate;Stone Edge;(s)Bulldoze;Rock Slide;Swagger;Substitute;(s)Snarl;Cut;||58|MediumSlow|50|72|35|35|35|65|0|1|0|0|0|0|desert;desertHills;
Krokorok|552|Ground|Dark|0|1.0|33.4|They live in groups of a few individuals. Protective membranes shield their eyes from sandstorms.|40|Krookodile||50|90|10|2|4|land|0:Leer;0:Rage;0:(s)Bite;0:Sand-Attack;10:4:(s)Bite;7:Sand-Attack;10:Torment;13:(s)Sand-Tomb;16:(s)Assurance;19:(s)Mud-Slap;22:Embargo;25:Swagger;28:(s)Crunch;32:(s)Dig;36:Scary Face;40:(s)Foul Play;44:Sandstorm;48:(s)Earthquake;52:Thrash;|Hone Claws;Roar;Toxic;Hidden Power;Taunt;Protect;Frustration;(s)Earthquake;Return;(s)Dig;Brick Break;Double Team;Sludge Bomb;Sandstorm;Rock Tomb;Torment;Facade;Rest;Attract;(s)Thief;Low Sweep;Round;(s)Fling;Incinerate;Embargo;Shadow Claw;(s)Payback;Retaliate;Stone Edge;(s)Bulldoze;Rock Slide;Grass Knot;Swagger;Substitute;Rock Smash;(s)Snarl;Cut;Strength||123|MediumSlow|60|82|45|45|45|74|2|0|0|0|0|0|desert;desertHills;
